"Data Source","World Development Indicators",

"Last Updated Date","2026-04-08",

"Country Name","Country Code","Indicator Name","Indicator Code","1960","1961","1962","1963","1964","1965","1966","1967","1968","1969","1970","1971","1972","1973","1974","1975","1976","1977","1978","1979","1980","1981","1982","1983","1984","1985","1986","1987","1988","1989","1990","1991","1992","1993","1994","1995","1996","1997","1998","1999","2000","2001","2002","2003","2004","2005","2006","2007","2008","2009","2010","2011","2012","2013","2014","2015","2016","2017","2018","2019","2020","2021","2022","2023","2024","2025",
"Aruba","ABW","CPIA social protection rating (1=low to 6=high)","IQ.CPA.PROT.XQ","","","","","","","","","","","","","","","","","","","","","","","","","","","","","","","","","","","","","","","","","","","","","","","","","","","","","","","","","","","","","","","","","","",
"Africa Eastern and Southern","AFE","CPIA social protection rating (1=low to 6=high)","IQ.CPA.PROT.XQ","","","","","","","","","","","","","","","","","","","","","","","","","","","","","","","","","","","","","","","","","","","","","","2.94444444444444","3.05882352941176","2.94444444444444","2.94444444444444","2.97222222222222","2.94444444444444","2.91666666666667","2.84210526315789","2.84210526315789","2.88888888888889","2.88888888888889","2.91666666666667","2.84210526315789","2.91666666666667","2.86842105263158","2.89473684210526","2.94736842105263","2.94736842105263","2.94736842105263","2.95","",
"Afghanistan","AFG","CPIA social protection rating (1=low to 6=high)","IQ.CPA.PROT.XQ","","","","","","","","","","","","","","","","","","","","","","","","","","","","","","","","","","","","","","","","","","","","","","","2","2","2.5","2.5","2.5","2.5","2.5","2.5","2.5","2.5","2.5","2.5","2.5","2.5","2.5","","1.5","1.5","1","",
"Africa Western and Central","AFW","CPIA social protection rating (1=low to 6=high)","IQ.CPA.PROT.XQ","","","","","","","","","","","","","","","","","","","","","","","","","","","","","","","","","","","","","","","","","","","","","","3.02631578947368","2.92105263157895","2.97368421052632","3.02631578947368","3","3","3","2.95","2.925","2.925","2.975","3.025","3.025","2.975","2.975","3.025","3.05","3.1","3.175","3.2","",
"Angola","AGO","CPIA social protection rating (1=low to 6=high)","IQ.CPA.PROT.XQ","","","","","","","","","","","","","","","","","","","","","","","","","","","","","","","","","","","","","","","","","","","","","","2.5","2.5","2.5","2.5","3","2.5","2.5","2.5","2.5","","","","","","","","","","","","",
"Albania","ALB","CPIA social protection rating (1=low to 6=high)","IQ.CPA.PROT.XQ","","","","","","","","","","","","","","","","","","","","","","","","","","","","","","","","","","","","","","","","","","","","","","","","","","","","","","","","","","","","","","","","","","",
"Andorra","AND","CPIA social protection rating (1=low to 6=high)","IQ.CPA.PROT.XQ","","","","","","","","","","","","","","","","","","","","","","","","","","","","","","","","","","","","","","","","","","","","","","","","","","","","","","","","","","","","","","","","","","",
"Arab World","ARB","CPIA social protection rating (1=low to 6=high)","IQ.CPA.PROT.XQ","","","","","","","","","","","","","","","","","","","","","","","","","","","","","","","","","","","","","","","","","","","","","","2.9","3.1","2.9","2.9","2.9","2.9","3","2.9","2.8","2.9","2.8","2.8","2.58333333333333","2.7","2.66666666666667","2.75","2.83333333333333","2.83333333333333","2.91666666666667","2.83333333333333","",
"United Arab Emirates","ARE","CPIA social protection rating (1=low to 6=high)","IQ.CPA.PROT.XQ","","","","","","","","","","","","","","","","","","","","","","","","","","","","","","","","","","","","","","","","","","","","","","","","","","","","","","","","","","","","","","","","","","",
"Argentina","ARG","CPIA social protection rating (1=low to 6=high)","IQ.CPA.PROT.XQ","","","","","","","","","","","","","","","","","","","","","","","","","","","","","","","","","","","","","","","","","","","","","","","","","","","","","","","","","","","","","","","","","","",
"Armenia","ARM","CPIA social protection rating (1=low to 6=high)","IQ.CPA.PROT.XQ","","","","","","","","","","","","","","","","","","","","","","","","","","","","","","","","","","","","","","","","","","","","","","4.5","4.5","4.5","4.5","4.5","4.5","4.5","4","4","","","","","","","","","","","","",
"American Samoa","ASM","CPIA social protection rating (1=low to 6=high)","IQ.CPA.PROT.XQ","","","","","","","","","","","","","","","","","","","","","","","","","","","","","","","","","","","","","","","","","","","","","","","","","","","","","","","","","","","","","","","","","","",
"Antigua and Barbuda","ATG","CPIA social protection rating (1=low to 6=high)","IQ.CPA.PROT.XQ","","","","","","","","","","","","","","","","","","","","","","","","","","","","","","","","","","","","","","","","","","","","","","","","","","","","","","","","","","","","","","","","","","",
"Australia","AUS","CPIA social protection rating (1=low to 6=high)","IQ.CPA.PROT.XQ","","","","","","","","","","","","","","","","","","","","","","","","","","","","","","","","","","","","","","","","","","","","","","","","","","","","","","","","","","","","","","","","","","",
"Austria","AUT","CPIA social protection rating (1=low to 6=high)","IQ.CPA.PROT.XQ","","","","","","","","","","","","","","","","","","","","","","","","","","","","","","","","","","","","","","","","","","","","","","","","","","","","","","","","","","","","","","","","","","",
"Azerbaijan","AZE","CPIA social protection rating (1=low to 6=high)","IQ.CPA.PROT.XQ","","","","","","","","","","","","","","","","","","","","","","","","","","","","","","","","","","","","","","","","","","","","","","3.5","4","4","4","4","4","","","","","","","","","","","","","","","",
"Burundi","BDI","CPIA social protection rating (1=low to 6=high)","IQ.CPA.PROT.XQ","","","","","","","","","","","","","","","","","","","","","","","","","","","","","","","","","","","","","","","","","","","","","","3","3","3","3","3","3","3","3","3","3","3","3","3","3","3","3","3","3","3","3","",
"Belgium","BEL","CPIA social protection rating (1=low to 6=high)","IQ.CPA.PROT.XQ","","","","","","","","","","","","","","","","","","","","","","","","","","","","","","","","","","","","","","","","","","","","","","","","","","","","","","","","","","","","","","","","","","",
"Benin","BEN","CPIA social protection rating (1=low to 6=high)","IQ.CPA.PROT.XQ","","","","","","","","","","","","","","","","","","","","","","","","","","","","","","","","","","","","","","","","","","","","","","3","3","3","3","3","3","3","3","3","3","3","3","3","3","3","3","3","3","3.5","3.5","",
"Burkina Faso","BFA","CPIA social protection rating (1=low to 6=high)","IQ.CPA.PROT.XQ","","","","","","","","","","","","","","","","","","","","","","","","","","","","","","","","","","","","","","","","","","","","","","3.5","3.5","3.5","3.5","3.5","3.5","3.5","3.5","3.5","3","3","3","3","3","3","3","3","3","3","3","",
"Bangladesh","BGD","CPIA social protection rating (1=low to 6=high)","IQ.CPA.PROT.XQ","","","","","","","","","","","","","","","","","","","","","","","","","","","","","","","","","","","","","","","","","","","","","","3.5","3.5","3.5","3.5","3.5","3.5","3.5","3.5","3.5","3.5","3.5","3.5","3.5","3.5","3","3","3.5","3.5","3.5","3.5","",
"Bulgaria","BGR","CPIA social protection rating (1=low to 6=high)","IQ.CPA.PROT.XQ","","","","","","","","","","","","","","","","","","","","","","","","","","","","","","","","","","","","","","","","","","","","","","","","","","","","","","","","","","","","","","","","","","",
"Bahrain","BHR","CPIA social protection rating (1=low to 6=high)","IQ.CPA.PROT.XQ","","","","","","","","","","","","","","","","","","","","","","","","","","","","","","","","","","","","","","","","","","","","","","","","","","","","","","","","","","","","","","","","","","",
"Bahamas, The","BHS","CPIA social protection rating (1=low to 6=high)","IQ.CPA.PROT.XQ","","","","","","","","","","","","","","","","","","","","","","","","","","","","","","","","","","","","","","","","","","","","","","","","","","","","","","","","","","","","","","","","","","",
"Bosnia and Herzegovina","BIH","CPIA social protection rating (1=low to 6=high)","IQ.CPA.PROT.XQ","","","","","","","","","","","","","","","","","","","","","","","","","","","","","","","","","","","","","","","","","","","","","","3.5","3.5","3.5","3.5","3.5","3.5","3.5","3.5","3.5","","","","","","","","","","","","",
"Belarus","BLR","CPIA social protection rating (1=low to 6=high)","IQ.CPA.PROT.XQ","","","","","","","","","","","","","","","","","","","","","","","","","","","","","","","","","","","","","","","","","","","","","","","","","","","","","","","","","","","","","","","","","","",
"Belize","BLZ","CPIA social protection rating (1=low to 6=high)","IQ.CPA.PROT.XQ","","","","","","","","","","","","","","","","","","","","","","","","","","","","","","","","","","","","","","","","","","","","","","","","","","","","","","","","","","","","","","","","","3.5","",
"Bermuda","BMU","CPIA social protection rating (1=low to 6=high)","IQ.CPA.PROT.XQ","","","","","","","","","","","","","","","","","","","","","","","","","","","","","","","","","","","","","","","","","","","","","","","","","","","","","","","","","","","","","","","","","","",
"Bolivia","BOL","CPIA social protection rating (1=low to 6=high)","IQ.CPA.PROT.XQ","","","","","","","","","","","","","","","","","","","","","","","","","","","","","","","","","","","","","","","","","","","","","","","","","3.5","3.5","3.5","3.5","4","3.5","3.5","3.5","","","","","","","","","","",
"Brazil","BRA","CPIA social protection rating (1=low to 6=high)","IQ.CPA.PROT.XQ","","","","","","","","","","","","","","","","","","","","","","","","","","","","","","","","","","","","","","","","","","","","","","","","","","","","","","","","","","","","","","","","","","",
"Barbados","BRB","CPIA social protection rating (1=low to 6=high)","IQ.CPA.PROT.XQ","","","","","","","","","","","","","","","","","","","","","","","","","","","","","","","","","","","","","","","","","","","","","","","","","","","","","","","","","","","","","","","","","","",
"Brunei Darussalam","BRN","CPIA social protection rating (1=low to 6=high)","IQ.CPA.PROT.XQ","","","","","","","","","","","","","","","","","","","","","","","","","","","","","","","","","","","","","","","","","","","","","","","","","","","","","","","","","","","","","","","","","","",
"Bhutan","BTN","CPIA social protection rating (1=low to 6=high)","IQ.CPA.PROT.XQ","","","","","","","","","","","","","","","","","","","","","","","","","","","","","","","","","","","","","","","","","","","","","","3.5","3.5","3.5","3.5","3.5","3.5","3","3","3","3","3","3","3","3","3","3","3","3","3","3","",
"Botswana","BWA","CPIA social protection rating (1=low to 6=high)","IQ.CPA.PROT.XQ","","","","","","","","","","","","","","","","","","","","","","","","","","","","","","","","","","","","","","","","","","","","","","","","","","","","","","","","","","","","","","","","","","",
"Central African Republic","CAF","CPIA social protection rating (1=low to 6=high)","IQ.CPA.PROT.XQ","","","","","","","","","","","","","","","","","","","","","","","","","","","","","","","","","","","","","","","","","","","","","","2","2","2","2","2","2","2","2","2","2","2","2","2","2","2","2","2","2","2","2","",
"Canada","CAN","CPIA social protection rating (1=low to 6=high)","IQ.CPA.PROT.XQ","","","","","","","","","","","","","","","","","","","","","","","","","","","","","","","","","","","","","","","","","","","","","","","","","","","","","","","","","","","","","","","","","","",
"Central Europe and the Baltics","CEB","CPIA social protection rating (1=low to 6=high)","IQ.CPA.PROT.XQ","","","","","","","","","","","","","","","","","","","","","","","","","","","","","","","","","","","","","","","","","","","","","","","","","","","","","","","","","","","","","","","","","","",
"Switzerland","CHE","CPIA social protection rating (1=low to 6=high)","IQ.CPA.PROT.XQ","","","","","","","","","","","","","","","","","","","","","","","","","","","","","","","","","","","","","","","","","","","","","","","","","","","","","","","","","","","","","","","","","","",
"Channel Islands","CHI","CPIA social protection rating (1=low to 6=high)","IQ.CPA.PROT.XQ","","","","","","","","","","","","","","","","","","","","","","","","","","","","","","","","","","","","","","","","","","","","","","","","","","","","","","","","","","","","","","","","","","",
"Chile","CHL","CPIA social protection rating (1=low to 6=high)","IQ.CPA.PROT.XQ","","","","","","","","","","","","","","","","","","","","","","","","","","","","","","","","","","","","","","","","","","","","","","","","","","","","","","","","","","","","","","","","","","",
"China","CHN","CPIA social protection rating (1=low to 6=high)","IQ.CPA.PROT.XQ","","","","","","","","","","","","","","","","","","","","","","","","","","","","","","","","","","","","","","","","","","","","","","","","","","","","","","","","","","","","","","","","","","",
"Cote d'Ivoire","CIV","CPIA social protection rating (1=low to 6=high)","IQ.CPA.PROT.XQ","","","","","","","","","","","","","","","","","","","","","","","","","","","","","","","","","","","","","","","","","","","","","","2.5","2.5","2.5","2.5","2.5","2.5","2.5","2.5","2.5","2.5","2.5","3","3","3","3","3","3","3","3","3.5","",
"Cameroon","CMR","CPIA social protection rating (1=low to 6=high)","IQ.CPA.PROT.XQ","","","","","","","","","","","","","","","","","","","","","","","","","","","","","","","","","","","","","","","","","","","","","","3","3","3","3","3","3","3","3","3","3","3","3","3","3","3","3","3","3","3","3","",
"Congo, Dem. Rep.","COD","CPIA social protection rating (1=low to 6=high)","IQ.CPA.PROT.XQ","","","","","","","","","","","","","","","","","","","","","","","","","","","","","","","","","","","","","","","","","","","","","","3","3","3","3","3","2.5","2.5","2.5","2.5","2.5","2.5","2.5","2.5","2.5","2.5","2.5","2.5","2.5","2.5","2.5","",
"Congo, Rep.","COG","CPIA social protection rating (1=low to 6=high)","IQ.CPA.PROT.XQ","","","","","","","","","","","","","","","","","","","","","","","","","","","","","","","","","","","","","","","","","","","","","","2.5","2.5","2.5","2.5","2.5","2.5","2.5","2.5","2.5","2.5","2.5","2.5","2.5","2.5","2.5","3","3","3","3","3","",
"Colombia","COL","CPIA social protection rating (1=low to 6=high)","IQ.CPA.PROT.XQ","","","","","","","","","","","","","","","","","","","","","","","","","","","","","","","","","","","","","","","","","","","","","","","","","","","","","","","","","","","","","","","","","","",
"Comoros","COM","CPIA social protection rating (1=low to 6=high)","IQ.CPA.PROT.XQ","","","","","","","","","","","","","","","","","","","","","","","","","","","","","","","","","","","","","","","","","","","","","","2.5","2.5","2.5","2.5","2.5","2.5","3","2.5","2.5","2.5","2.5","2.5","2","2","2","2","2.5","2.5","2.5","2.5","",
"Cabo Verde","CPV","CPIA social protection rating (1=low to 6=high)","IQ.CPA.PROT.XQ","","","","","","","","","","","","","","","","","","","","","","","","","","","","","","","","","","","","","","","","","","","","","","4.5","4.5","4.5","4.5","4.5","4.5","4.5","4","4","4","4","4","4","4","4","4","4","4","4","4","",
"Costa Rica","CRI","CPIA social protection rating (1=low to 6=high)","IQ.CPA.PROT.XQ","","","","","","","","","","","","","","","","","","","","","","","","","","","","","","","","","","","","","","","","","","","","","","","","","","","","","","","","","","","","","","","","","","",
"Caribbean small states","CSS","CPIA social protection rating (1=low to 6=high)","IQ.CPA.PROT.XQ","","","","","","","","","","","","","","","","","","","","","","","","","","","","","","","","","","","","","","","","","","","","","","3.4","3.1","3.5","3.5","3.4","3.4","3.4","3.4","3.3","3.3","3.3","3.3","3.3","3.4","3.4","3.4","3.4","3.4","3.4","3.35714285714286","",
"Cuba","CUB","CPIA social protection rating (1=low to 6=high)","IQ.CPA.PROT.XQ","","","","","","","","","","","","","","","","","","","","","","","","","","","","","","","","","","","","","","","","","","","","","","","","","","","","","","","","","","","","","","","","","","",
"Curacao","CUW","CPIA social protection rating (1=low to 6=high)","IQ.CPA.PROT.XQ","","","","","","","","","","","","","","","","","","","","","","","","","","","","","","","","","","","","","","","","","","","","","","","","","","","","","","","","","","","","","","","","","","",
"Cayman Islands","CYM","CPIA social protection rating (1=low to 6=high)","IQ.CPA.PROT.XQ","","","","","","","","","","","","","","","","","","","","","","","","","","","","","","","","","","","","","","","","","","","","","","","","","","","","","","","","","","","","","","","","","","",
"Cyprus","CYP","CPIA social protection rating (1=low to 6=high)","IQ.CPA.PROT.XQ","","","","","","","","","","","","","","","","","","","","","","","","","","","","","","","","","","","","","","","","","","","","","","","","","","","","","","","","","","","","","","","","","","",
"Czechia","CZE","CPIA social protection rating (1=low to 6=high)","IQ.CPA.PROT.XQ","","","","","","","","","","","","","","","","","","","","","","","","","","","","","","","","","","","","","","","","","","","","","","","","","","","","","","","","","","","","","","","","","","",
"Germany","DEU","CPIA social protection rating (1=low to 6=high)","IQ.CPA.PROT.XQ","","","","","","","","","","","","","","","","","","","","","","","","","","","","","","","","","","","","","","","","","","","","","","","","","","","","","","","","","","","","","","","","","","",
"Djibouti","DJI","CPIA social protection rating (1=low to 6=high)","IQ.CPA.PROT.XQ","","","","","","","","","","","","","","","","","","","","","","","","","","","","","","","","","","","","","","","","","","","","","","3","3","3","3","3","3.5","3.5","3.5","3","3","3","3","3","3","3","3.5","3.5","3.5","3.5","3.5","",
"Dominica","DMA","CPIA social protection rating (1=low to 6=high)","IQ.CPA.PROT.XQ","","","","","","","","","","","","","","","","","","","","","","","","","","","","","","","","","","","","","","","","","","","","","","3.5","3.5","3.5","3.5","3.5","3.5","3.5","3.5","3.5","3.5","3","3","3","3","3","3","3","3","3","3","",
"Denmark","DNK","CPIA social protection rating (1=low to 6=high)","IQ.CPA.PROT.XQ","","","","","","","","","","","","","","","","","","","","","","","","","","","","","","","","","","","","","","","","","","","","","","","","","","","","","","","","","","","","","","","","","","",
"Dominican Republic","DOM","CPIA social protection rating (1=low to 6=high)","IQ.CPA.PROT.XQ","","","","","","","","","","","","","","","","","","","","","","","","","","","","","","","","","","","","","","","","","","","","","","","","","","","","","","","","","","","","","","","","","","",
"Algeria","DZA","CPIA social protection rating (1=low to 6=high)","IQ.CPA.PROT.XQ","","","","","","","","","","","","","","","","","","","","","","","","","","","","","","","","","","","","","","","","","","","","","","","","","","","","","","","","","","","","","","","","","","",
"East Asia & Pacific (excluding high income)","EAP","CPIA social protection rating (1=low to 6=high)","IQ.CPA.PROT.XQ","","","","","","","","","","","","","","","","","","","","","","","","","","","","","","","","","","","","","","","","","","","","","","2.85","2.90909090909091","2.86363636363636","2.90909090909091","2.90909090909091","2.95454545454545","2.76923076923077","2.75","2.66666666666667","2.7","2.7","2.64285714285714","2.60714285714286","2.60714285714286","2.60714285714286","2.64285714285714","2.64285714285714","2.67857142857143","2.71428571428571","2.71428571428571","",
"Early-demographic dividend","EAR","CPIA social protection rating (1=low to 6=high)","IQ.CPA.PROT.XQ","","","","","","","","","","","","","","","","","","","","","","","","","","","","","","","","","","","","","","","","","","","","","","3.16071428571429","3.24074074074074","3.14285714285714","3.18965517241379","3.1551724137931","3.20689655172414","3.15","3.18333333333333","3.11290322580645","3.1","3.06666666666667","3.05172413793103","3.05172413793103","3.06896551724138","3.05172413793103","3.10344827586207","3.13793103448276","3.1551724137931","3.1551724137931","3.125","",
"East Asia & Pacific","EAS","CPIA social protection rating (1=low to 6=high)","IQ.CPA.PROT.XQ","","","","","","","","","","","","","","","","","","","","","","","","","","","","","","","","","","","","","","","","","","","","","","2.85","2.90909090909091","2.86363636363636","2.90909090909091","2.90909090909091","2.95454545454545","2.76923076923077","2.75","2.66666666666667","2.7","2.7","2.64285714285714","2.60714285714286","2.60714285714286","2.60714285714286","2.64285714285714","2.64285714285714","2.67857142857143","2.71428571428571","2.71428571428571","",
"Europe & Central Asia (excluding high income)","ECA","CPIA social protection rating (1=low to 6=high)","IQ.CPA.PROT.XQ","","","","","","","","","","","","","","","","","","","","","","","","","","","","","","","","","","","","","","","","","","","","","","3.66666666666667","3.66666666666667","3.75","3.8125","3.77777777777778","3.77777777777778","3.6875","3.5625","3.5625","3.4","3.4","3.4","3.4","3.4","3.4","3.375","3.375","3.375","3.375","3.375","",
"Europe & Central Asia","ECS","CPIA social protection rating (1=low to 6=high)","IQ.CPA.PROT.XQ","","","","","","","","","","","","","","","","","","","","","","","","","","","","","","","","","","","","","","","","","","","","","","3.66666666666667","3.66666666666667","3.75","3.8125","3.77777777777778","3.77777777777778","3.6875","3.5625","3.5625","3.4","3.4","3.4","3.4","3.4","3.4","3.375","3.375","3.375","3.375","3.375","",
"Ecuador","ECU","CPIA social protection rating (1=low to 6=high)","IQ.CPA.PROT.XQ","","","","","","","","","","","","","","","","","","","","","","","","","","","","","","","","","","","","","","","","","","","","","","","","","","","","","","","","","","","","","","","","","","",
"Egypt, Arab Rep.","EGY","CPIA social protection rating (1=low to 6=high)","IQ.CPA.PROT.XQ","","","","","","","","","","","","","","","","","","","","","","","","","","","","","","","","","","","","","","","","","","","","","","","","","","","","","","","","","","","","","","","","","","",
"Euro area","EMU","CPIA social protection rating (1=low to 6=high)","IQ.CPA.PROT.XQ","","","","","","","","","","","","","","","","","","","","","","","","","","","","","","","","","","","","","","","","","","","","","","","","","","","","","","","","","","","","","","","","","","",
"Eritrea","ERI","CPIA social protection rating (1=low to 6=high)","IQ.CPA.PROT.XQ","","","","","","","","","","","","","","","","","","","","","","","","","","","","","","","","","","","","","","","","","","","","","","3","3","3","3","2.5","2.5","2","2","2","2","2","2","2","2","2","2","2","2","2","2","",
"Spain","ESP","CPIA social protection rating (1=low to 6=high)","IQ.CPA.PROT.XQ","","","","","","","","","","","","","","","","","","","","","","","","","","","","","","","","","","","","","","","","","","","","","","","","","","","","","","","","","","","","","","","","","","",
"Estonia","EST","CPIA social protection rating (1=low to 6=high)","IQ.CPA.PROT.XQ","","","","","","","","","","","","","","","","","","","","","","","","","","","","","","","","","","","","","","","","","","","","","","","","","","","","","","","","","","","","","","","","","","",
"Ethiopia","ETH","CPIA social protection rating (1=low to 6=high)","IQ.CPA.PROT.XQ","","","","","","","","","","","","","","","","","","","","","","","","","","","","","","","","","","","","","","","","","","","","","","3.5","3.5","3.5","3.5","3.5","3.5","3.5","3.5","3.5","3.5","3.5","3.5","3.5","3.5","3.5","3.5","3.5","3.5","3.5","3.5","",
"European Union","EUU","CPIA social protection rating (1=low to 6=high)","IQ.CPA.PROT.XQ","","","","","","","","","","","","","","","","","","","","","","","","","","","","","","","","","","","","","","","","","","","","","","","","","","","","","","","","","","","","","","","","","","",
"Fragile and conflict affected situations","FCS","CPIA social protection rating (1=low to 6=high)","IQ.CPA.PROT.XQ","","","","","","","","","","","","","","","","","","","","","","","","","","","","","","","","","","","","","","","","","","","","","","2.80434782608696","2.89583333333333","2.74","2.76","2.78846153846154","2.76923076923077","2.75","2.66666666666667","2.64516129032258","2.64516129032258","2.64516129032258","2.66129032258065","2.59375","2.61290322580645","2.609375","2.640625","2.66129032258065","2.625","2.65625","2.640625","",
"Finland","FIN","CPIA social protection rating (1=low to 6=high)","IQ.CPA.PROT.XQ","","","","","","","","","","","","","","","","","","","","","","","","","","","","","","","","","","","","","","","","","","","","","","","","","","","","","","","","","","","","","","","","","","",
"Fiji","FJI","CPIA social protection rating (1=low to 6=high)","IQ.CPA.PROT.XQ","","","","","","","","","","","","","","","","","","","","","","","","","","","","","","","","","","","","","","","","","","","","","","","","","","","","","","","","","","","","","3.5","3.5","3.5","3.5","3.5","",
"France","FRA","CPIA social protection rating (1=low to 6=high)","IQ.CPA.PROT.XQ","","","","","","","","","","","","","","","","","","","","","","","","","","","","","","","","","","","","","","","","","","","","","","","","","","","","","","","","","","","","","","","","","","",
"Faroe Islands","FRO","CPIA social protection rating (1=low to 6=high)","IQ.CPA.PROT.XQ","","","","","","","","","","","","","","","","","","","","","","","","","","","","","","","","","","","","","","","","","","","","","","","","","","","","","","","","","","","","","","","","","","",
"Micronesia, Fed. Sts.","FSM","CPIA social protection rating (1=low to 6=high)","IQ.CPA.PROT.XQ","","","","","","","","","","","","","","","","","","","","","","","","","","","","","","","","","","","","","","","","","","","","","","","","","","","","2","2","2","2","2","2","2","2","2","2","2","2","2","2","",
"Gabon","GAB","CPIA social protection rating (1=low to 6=high)","IQ.CPA.PROT.XQ","","","","","","","","","","","","","","","","","","","","","","","","","","","","","","","","","","","","","","","","","","","","","","","","","","","","","","","","","","","","","","","","","","",
"United Kingdom","GBR","CPIA social protection rating (1=low to 6=high)","IQ.CPA.PROT.XQ","","","","","","","","","","","","","","","","","","","","","","","","","","","","","","","","","","","","","","","","","","","","","","","","","","","","","","","","","","","","","","","","","","",
"Georgia","GEO","CPIA social protection rating (1=low to 6=high)","IQ.CPA.PROT.XQ","","","","","","","","","","","","","","","","","","","","","","","","","","","","","","","","","","","","","","","","","","","","","","3.5","4","4","4.5","4.5","4.5","4.5","4","4","","","","","","","","","","","","",
"Ghana","GHA","CPIA social protection rating (1=low to 6=high)","IQ.CPA.PROT.XQ","","","","","","","","","","","","","","","","","","","","","","","","","","","","","","","","","","","","","","","","","","","","","","3.5","3.5","3.5","4","3.5","4","4","4","4","4","4","4","4","3.5","3.5","3.5","3.5","3.5","3.5","3.5","",
"Gibraltar","GIB","CPIA social protection rating (1=low to 6=high)","IQ.CPA.PROT.XQ","","","","","","","","","","","","","","","","","","","","","","","","","","","","","","","","","","","","","","","","","","","","","","","","","","","","","","","","","","","","","","","","","","",
"Guinea","GIN","CPIA social protection rating (1=low to 6=high)","IQ.CPA.PROT.XQ","","","","","","","","","","","","","","","","","","","","","","","","","","","","","","","","","","","","","","","","","","","","","","3.5","3","3","3","3","3","3","3","2.5","2.5","3","3","3","3","2.5","3","3","3","3","3","",
"Gambia, The","GMB","CPIA social protection rating (1=low to 6=high)","IQ.CPA.PROT.XQ","","","","","","","","","","","","","","","","","","","","","","","","","","","","","","","","","","","","","","","","","","","","","","2.5","2.5","2.5","2.5","2.5","2.5","2.5","2.5","2.5","2.5","2.5","2.5","2.5","2.5","2.5","2.5","2.5","3","3","3","",
"Guinea-Bissau","GNB","CPIA social protection rating (1=low to 6=high)","IQ.CPA.PROT.XQ","","","","","","","","","","","","","","","","","","","","","","","","","","","","","","","","","","","","","","","","","","","","","","2.5","2.5","2.5","2.5","2.5","2.5","2.5","2.5","2","2","2","2.5","2.5","2.5","2.5","2.5","2.5","2.5","2.5","2.5","",
"Equatorial Guinea","GNQ","CPIA social protection rating (1=low to 6=high)","IQ.CPA.PROT.XQ","","","","","","","","","","","","","","","","","","","","","","","","","","","","","","","","","","","","","","","","","","","","","","","","","","","","","","","","","","","","","","","","","","",
"Greece","GRC","CPIA social protection rating (1=low to 6=high)","IQ.CPA.PROT.XQ","","","","","","","","","","","","","","","","","","","","","","","","","","","","","","","","","","","","","","","","","","","","","","","","","","","","","","","","","","","","","","","","","","",
"Grenada","GRD","CPIA social protection rating (1=low to 6=high)","IQ.CPA.PROT.XQ","","","","","","","","","","","","","","","","","","","","","","","","","","","","","","","","","","","","","","","","","","","","","","3.5","3.5","3.5","3.5","3.5","3.5","3.5","3.5","3.5","3.5","3.5","3.5","3.5","4","4","4","4","4","4","4","",
"Greenland","GRL","CPIA social protection rating (1=low to 6=high)","IQ.CPA.PROT.XQ","","","","","","","","","","","","","","","","","","","","","","","","","","","","","","","","","","","","","","","","","","","","","","","","","","","","","","","","","","","","","","","","","","",
"Guatemala","GTM","CPIA social protection rating (1=low to 6=high)","IQ.CPA.PROT.XQ","","","","","","","","","","","","","","","","","","","","","","","","","","","","","","","","","","","","","","","","","","","","","","","","","","","","","","","","","","","","","","","","","","",
"Guam","GUM","CPIA social protection rating (1=low to 6=high)","IQ.CPA.PROT.XQ","","","","","","","","","","","","","","","","","","","","","","","","","","","","","","","","","","","","","","","","","","","","","","","","","","","","","","","","","","","","","","","","","","",
"Guyana","GUY","CPIA social protection rating (1=low to 6=high)","IQ.CPA.PROT.XQ","","","","","","","","","","","","","","","","","","","","","","","","","","","","","","","","","","","","","","","","","","","","","","3","3","3","3","3","3","3","3","3","3","3","3","3","3","3","3","3","3","3","3","",
"High income","HIC","CPIA social protection rating (1=low to 6=high)","IQ.CPA.PROT.XQ","","","","","","","","","","","","","","","","","","","","","","","","","","","","","","","","","","","","","","","","","","","","","","3","3","3","3","3","3","3","3","3","3","3","3","3","3","3","3","3","3","3","3","",
"Hong Kong SAR, China","HKG","CPIA social protection rating (1=low to 6=high)","IQ.CPA.PROT.XQ","","","","","","","","","","","","","","","","","","","","","","","","","","","","","","","","","","","","","","","","","","","","","","","","","","","","","","","","","","","","","","","","","","",
"Honduras","HND","CPIA social protection rating (1=low to 6=high)","IQ.CPA.PROT.XQ","","","","","","","","","","","","","","","","","","","","","","","","","","","","","","","","","","","","","","","","","","","","","","4","3.5","3.5","3.5","3.5","3","3","3","3","3.5","3","3","3.5","3.5","3.5","3.5","3.5","3.5","3.5","3.5","",
"Heavily indebted poor countries (HIPC)","HPC","CPIA social protection rating (1=low to 6=high)","IQ.CPA.PROT.XQ","","","","","","","","","","","","","","","","","","","","","","","","","","","","","","","","","","","","","","","","","","","","","","3.02857142857143","2.94444444444444","2.95833333333333","3.01351351351351","2.98684210526316","2.97368421052632","2.92105263157895","2.92105263157895","2.89473684210526","2.89473684210526","2.90789473684211","2.93243243243243","2.92105263157895","2.91891891891892","2.89473684210526","2.92105263157895","2.97297297297297","2.96052631578947","2.98684210526316","3","",
"Croatia","HRV","CPIA social protection rating (1=low to 6=high)","IQ.CPA.PROT.XQ","","","","","","","","","","","","","","","","","","","","","","","","","","","","","","","","","","","","","","","","","","","","","","","","","","","","","","","","","","","","","","","","","","",
"Haiti","HTI","CPIA social protection rating (1=low to 6=high)","IQ.CPA.PROT.XQ","","","","","","","","","","","","","","","","","","","","","","","","","","","","","","","","","","","","","","","","","","","","","","2.5","2.5","2.5","2.5","2.5","2.5","2","2","2","2","2","2","2","2","2","2","2","2","2","2","",
"Hungary","HUN","CPIA social protection rating (1=low to 6=high)","IQ.CPA.PROT.XQ","","","","","","","","","","","","","","","","","","","","","","","","","","","","","","","","","","","","","","","","","","","","","","","","","","","","","","","","","","","","","","","","","","",
"IBRD only","IBD","CPIA social protection rating (1=low to 6=high)","IQ.CPA.PROT.XQ","","","","","","","","","","","","","","","","","","","","","","","","","","","","","","","","","","","","","","","","","","","","","","3.5","3.5","3.61111111111111","3.65","3.7","3.65","3.61111111111111","3.55555555555556","3.5","3.5","3.5","3.5","3.5","3.5","3.5","","","","","","",
"IDA & IBRD total","IBT","CPIA social protection rating (1=low to 6=high)","IQ.CPA.PROT.XQ","","","","","","","","","","","","","","","","","","","","","","","","","","","","","","","","","","","","","","","","","","","","","","3.13698630136986","3.10810810810811","3.10810810810811","3.14666666666667","3.14285714285714","3.14935064935065","3.08974358974359","3.04375","3.00617283950617","2.97368421052632","2.97368421052632","2.97260273972603","2.9527027027027","2.96575342465753","2.94666666666667","2.97260273972603","3.01388888888889","3.01351351351351","3.04054054054054","3.03896103896104","",
"IDA total","IDA","CPIA social protection rating (1=low to 6=high)","IQ.CPA.PROT.XQ","","","","","","","","","","","","","","","","","","","","","","","","","","","","","","","","","","","","","","","","","","","","","","3.07936507936508","3.046875","3.03846153846154","3.06923076923077","3.05970149253731","3.07462686567164","3.02173913043478","2.97887323943662","2.94444444444444","2.94444444444444","2.94444444444444","2.95774647887324","2.9375","2.95070422535211","2.93150684931507","2.97260273972603","3.01388888888889","3.01351351351351","3.04054054054054","3.03896103896104","",
"IDA blend","IDB","CPIA social protection rating (1=low to 6=high)","IQ.CPA.PROT.XQ","","","","","","","","","","","","","","","","","","","","","","","","","","","","","","","","","","","","","","","","","","","","","","3.10714285714286","3.07142857142857","3.06666666666667","3.06666666666667","3.1","3.13333333333333","3.16666666666667","3.13333333333333","3.13333333333333","3.16666666666667","3.16666666666667","3.2","3.2","3.26666666666667","3.26666666666667","3.3125","3.3125","3.3125","3.3125","3.28947368421053","",
"Indonesia","IDN","CPIA social protection rating (1=low to 6=high)","IQ.CPA.PROT.XQ","","","","","","","","","","","","","","","","","","","","","","","","","","","","","","","","","","","","","","","","","","","","","","","","","","","","","","","","","","","","","","","","","","",
"IDA only","IDX","CPIA social protection rating (1=low to 6=high)","IQ.CPA.PROT.XQ","","","","","","","","","","","","","","","","","","","","","","","","","","","","","","","","","","","","","","","","","","","","","","3.07142857142857","3.04","3.03","3.07","3.04807692307692","3.05769230769231","2.98148148148148","2.9375","2.89473684210526","2.8859649122807","2.8859649122807","2.89285714285714","2.86842105263158","2.86607142857143","2.8448275862069","2.87719298245614","2.92857142857143","2.93103448275862","2.96551724137931","2.95689655172414","",
"Isle of Man","IMN","CPIA social protection rating (1=low to 6=high)","IQ.CPA.PROT.XQ","","","","","","","","","","","","","","","","","","","","","","","","","","","","","","","","","","","","","","","","","","","","","","","","","","","","","","","","","","","","","","","","","","",
"India","IND","CPIA social protection rating (1=low to 6=high)","IQ.CPA.PROT.XQ","","","","","","","","","","","","","","","","","","","","","","","","","","","","","","","","","","","","","","","","","","","","","","3.5","3.5","3.5","3.5","3.5","3.5","3.5","3.5","3.5","","","","","","","","","","","","",
"Not classified","INX","CPIA social protection rating (1=low to 6=high)","IQ.CPA.PROT.XQ","","","","","","","","","","","","","","","","","","","","","","","","","","","","","","","","","","","","","","","","","","","","","","","","","","","","","","","","","","","","","","","","","","",
"Ireland","IRL","CPIA social protection rating (1=low to 6=high)","IQ.CPA.PROT.XQ","","","","","","","","","","","","","","","","","","","","","","","","","","","","","","","","","","","","","","","","","","","","","","","","","","","","","","","","","","","","","","","","","","",
"Iran, Islamic Rep.","IRN","CPIA social protection rating (1=low to 6=high)","IQ.CPA.PROT.XQ","","","","","","","","","","","","","","","","","","","","","","","","","","","","","","","","","","","","","","","","","","","","","","","","","","","","","","","","","","","","","","","","","","",
"Iraq","IRQ","CPIA social protection rating (1=low to 6=high)","IQ.CPA.PROT.XQ","","","","","","","","","","","","","","","","","","","","","","","","","","","","","","","","","","","","","","","","","","","","","","","","","","","","","","","","","","","","","","","","","","",
"Iceland","ISL","CPIA social protection rating (1=low to 6=high)","IQ.CPA.PROT.XQ","","","","","","","","","","","","","","","","","","","","","","","","","","","","","","","","","","","","","","","","","","","","","","","","","","","","","","","","","","","","","","","","","","",
"Israel","ISR","CPIA social protection rating (1=low to 6=high)","IQ.CPA.PROT.XQ","","","","","","","","","","","","","","","","","","","","","","","","","","","","","","","","","","","","","","","","","","","","","","","","","","","","","","","","","","","","","","","","","","",
"Italy","ITA","CPIA social protection rating (1=low to 6=high)","IQ.CPA.PROT.XQ","","","","","","","","","","","","","","","","","","","","","","","","","","","","","","","","","","","","","","","","","","","","","","","","","","","","","","","","","","","","","","","","","","",
"Jamaica","JAM","CPIA social protection rating (1=low to 6=high)","IQ.CPA.PROT.XQ","","","","","","","","","","","","","","","","","","","","","","","","","","","","","","","","","","","","","","","","","","","","","","","","","","","","","","","","","","","","","","","","","","",
"Jordan","JOR","CPIA social protection rating (1=low to 6=high)","IQ.CPA.PROT.XQ","","","","","","","","","","","","","","","","","","","","","","","","","","","","","","","","","","","","","","","","","","","","","","","","","","","","","","","","","","","","","","","","","","",
"Japan","JPN","CPIA social protection rating (1=low to 6=high)","IQ.CPA.PROT.XQ","","","","","","","","","","","","","","","","","","","","","","","","","","","","","","","","","","","","","","","","","","","","","","","","","","","","","","","","","","","","","","","","","","",
"Kazakhstan","KAZ","CPIA social protection rating (1=low to 6=high)","IQ.CPA.PROT.XQ","","","","","","","","","","","","","","","","","","","","","","","","","","","","","","","","","","","","","","","","","","","","","","","","","","","","","","","","","","","","","","","","","","",
"Kenya","KEN","CPIA social protection rating (1=low to 6=high)","IQ.CPA.PROT.XQ","","","","","","","","","","","","","","","","","","","","","","","","","","","","","","","","","","","","","","","","","","","","","","3","3","3","3","3.5","3.5","3.5","3.5","3.5","3.5","3.5","3.5","3.5","3.5","3.5","3.5","3.5","3.5","3.5","3.5","",
"Kyrgyz Republic","KGZ","CPIA social protection rating (1=low to 6=high)","IQ.CPA.PROT.XQ","","","","","","","","","","","","","","","","","","","","","","","","","","","","","","","","","","","","","","","","","","","","","","3.5","3.5","3.5","3.5","3.5","3.5","3.5","3.5","3.5","3.5","3.5","3.5","3.5","3.5","3.5","3.5","3.5","3.5","3.5","3.5","",
"Cambodia","KHM","CPIA social protection rating (1=low to 6=high)","IQ.CPA.PROT.XQ","","","","","","","","","","","","","","","","","","","","","","","","","","","","","","","","","","","","","","","","","","","","","","3","3","3","3","3","3","3","3","2.5","2.5","2.5","2.5","2.5","2.5","2.5","2.5","2.5","3","3","3","",
"Kiribati","KIR","CPIA social protection rating (1=low to 6=high)","IQ.CPA.PROT.XQ","","","","","","","","","","","","","","","","","","","","","","","","","","","","","","","","","","","","","","","","","","","","","","3","3","3","3","3","3","3.5","3.5","3.5","3.5","3.5","3.5","3.5","3","3","3.5","3.5","3.5","3.5","3.5","",
"St. Kitts and Nevis","KNA","CPIA social protection rating (1=low to 6=high)","IQ.CPA.PROT.XQ","","","","","","","","","","","","","","","","","","","","","","","","","","","","","","","","","","","","","","","","","","","","","","","","","","","","","","","","","","","","","","","","","","",
"Korea, Rep.","KOR","CPIA social protection rating (1=low to 6=high)","IQ.CPA.PROT.XQ","","","","","","","","","","","","","","","","","","","","","","","","","","","","","","","","","","","","","","","","","","","","","","","","","","","","","","","","","","","","","","","","","","",
"Kuwait","KWT","CPIA social protection rating (1=low to 6=high)","IQ.CPA.PROT.XQ","","","","","","","","","","","","","","","","","","","","","","","","","","","","","","","","","","","","","","","","","","","","","","","","","","","","","","","","","","","","","","","","","","",
"Latin America & Caribbean (excluding high income)","LAC","CPIA social protection rating (1=low to 6=high)","IQ.CPA.PROT.XQ","","","","","","","","","","","","","","","","","","","","","","","","","","","","","","","","","","","","","","","","","","","","","","3.42857142857143","3.14285714285714","3.42857142857143","3.4375","3.375","3.3125","3.25","3.3125","3.25","3.25","3.1875","3.14285714285714","3.21428571428571","3.28571428571429","3.28571428571429","3.28571428571429","3.28571428571429","3.28571428571429","3.28571428571429","3.27777777777778","",
"Lao PDR","LAO","CPIA social protection rating (1=low to 6=high)","IQ.CPA.PROT.XQ","","","","","","","","","","","","","","","","","","","","","","","","","","","","","","","","","","","","","","","","","","","","","","2","2","2.5","2.5","2.5","2.5","2.5","2.5","2.5","2.5","2.5","2.5","2.5","2.5","2.5","2.5","2.5","2.5","2.5","2.5","",
"Lebanon","LBN","CPIA social protection rating (1=low to 6=high)","IQ.CPA.PROT.XQ","","","","","","","","","","","","","","","","","","","","","","","","","","","","","","","","","","","","","","","","","","","","","","","","","","","","","","","","","","","","","","","","","","",
"Liberia","LBR","CPIA social protection rating (1=low to 6=high)","IQ.CPA.PROT.XQ","","","","","","","","","","","","","","","","","","","","","","","","","","","","","","","","","","","","","","","","","","","","","","","","","","2.5","2.5","2.5","2.5","2.5","2.5","2.5","2.5","2.5","2.5","3","3","3","3","3","3","",
"Libya","LBY","CPIA social protection rating (1=low to 6=high)","IQ.CPA.PROT.XQ","","","","","","","","","","","","","","","","","","","","","","","","","","","","","","","","","","","","","","","","","","","","","","","","","","","","","","","","","","","","","","","","","","",
"St. Lucia","LCA","CPIA social protection rating (1=low to 6=high)","IQ.CPA.PROT.XQ","","","","","","","","","","","","","","","","","","","","","","","","","","","","","","","","","","","","","","","","","","","","","","3.5","3.5","4","4","3.5","3.5","3.5","3.5","3.5","3.5","3.5","3.5","3.5","3.5","3.5","3.5","3.5","3.5","3.5","3.5","",
"Latin America & Caribbean","LCN","CPIA social protection rating (1=low to 6=high)","IQ.CPA.PROT.XQ","","","","","","","","","","","","","","","","","","","","","","","","","","","","","","","","","","","","","","","","","","","","","","3.375","3.125","3.375","3.38888888888889","3.33333333333333","3.27777777777778","3.22222222222222","3.27777777777778","3.22222222222222","3.22222222222222","3.16666666666667","3.125","3.1875","3.25","3.25","3.25","3.25","3.25","3.25","3.25","",
"Least developed countries: UN classification","LDC","CPIA social protection rating (1=low to 6=high)","IQ.CPA.PROT.XQ","","","","","","","","","","","","","","","","","","","","","","","","","","","","","","","","","","","","","","","","","","","","","","2.98648648648649","2.93589743589744","2.92307692307692","2.94871794871795","2.9625","2.95","2.925","2.86904761904762","2.80232558139535","2.80952380952381","2.82142857142857","2.8452380952381","2.80232558139535","2.79761904761905","2.76744186046512","2.81395348837209","2.86904761904762","2.87209302325581","2.90697674418605","2.88372093023256","",
"Low income","LIC","CPIA social protection rating (1=low to 6=high)","IQ.CPA.PROT.XQ","","","","","","","","","","","","","","","","","","","","","","","","","","","","","","","","","","","","","","","","","","","","","","3","2.975","2.95","3","2.97619047619048","2.95238095238095","2.88095238095238","2.81818181818182","2.79545454545455","2.77272727272727","2.77272727272727","2.81818181818182","2.76086956521739","2.77272727272727","2.78260869565217","2.78260869565217","2.79545454545455","2.78260869565217","2.80434782608696","2.76086956521739","",
"Liechtenstein","LIE","CPIA social protection rating (1=low to 6=high)","IQ.CPA.PROT.XQ","","","","","","","","","","","","","","","","","","","","","","","","","","","","","","","","","","","","","","","","","","","","","","","","","","","","","","","","","","","","","","","","","","",
"Sri Lanka","LKA","CPIA social protection rating (1=low to 6=high)","IQ.CPA.PROT.XQ","","","","","","","","","","","","","","","","","","","","","","","","","","","","","","","","","","","","","","","","","","","","","","3.5","4","3.5","3.5","3.5","3.5","3.5","3.5","3.5","3.5","3.5","","","","3","","","3","3","3","",
"Lower middle income","LMC","CPIA social protection rating (1=low to 6=high)","IQ.CPA.PROT.XQ","","","","","","","","","","","","","","","","","","","","","","","","","","","","","","","","","","","","","","","","","","","","","","3","3","2.96052631578947","2.98717948717949","3.01282051282051","3.03846153846154","3.0125","3.0125","2.96341463414634","2.98717948717949","2.98717948717949","2.95833333333333","2.95833333333333","2.94444444444444","2.90540540540541","2.97222222222222","3.02777777777778","3.04054054054054","3.06756756756757","3.07894736842105","",
"Low & middle income","LMY","CPIA social protection rating (1=low to 6=high)","IQ.CPA.PROT.XQ","","","","","","","","","","","","","","","","","","","","","","","","","","","","","","","","","","","","","","","","","","","","","","3.13380281690141","3.10416666666667","3.10416666666667","3.14383561643836","3.14","3.14666666666667","3.08552631578947","3.03846153846154","3","2.96621621621622","2.96621621621622","2.96478873239437","2.94444444444444","2.95774647887324","2.93835616438356","2.96478873239437","3.00714285714286","3.00694444444444","3.03472222222222","3.03333333333333","",
"Lesotho","LSO","CPIA social protection rating (1=low to 6=high)","IQ.CPA.PROT.XQ","","","","","","","","","","","","","","","","","","","","","","","","","","","","","","","","","","","","","","","","","","","","","","3","3","3","3","3","3","3","3","3","3","3","3","3","3","3","3.5","3.5","3.5","3.5","3.5","",
"Late-demographic dividend","LTE","CPIA social protection rating (1=low to 6=high)","IQ.CPA.PROT.XQ","","","","","","","","","","","","","","","","","","","","","","","","","","","","","","","","","","","","","","","","","","","","","","3.54166666666667","3.45833333333333","3.68181818181818","3.72727272727273","3.68181818181818","3.68181818181818","3.65","3.55","3.5","3.375","3.4375","3.41666666666667","3.41666666666667","3.41666666666667","3.35714285714286","3.4","3.4","3.33333333333333","3.33333333333333","3.33333333333333","",
"Lithuania","LTU","CPIA social protection rating (1=low to 6=high)","IQ.CPA.PROT.XQ","","","","","","","","","","","","","","","","","","","","","","","","","","","","","","","","","","","","","","","","","","","","","","","","","","","","","","","","","","","","","","","","","","",
"Luxembourg","LUX","CPIA social protection rating (1=low to 6=high)","IQ.CPA.PROT.XQ","","","","","","","","","","","","","","","","","","","","","","","","","","","","","","","","","","","","","","","","","","","","","","","","","","","","","","","","","","","","","","","","","","",
"Latvia","LVA","CPIA social protection rating (1=low to 6=high)","IQ.CPA.PROT.XQ","","","","","","","","","","","","","","","","","","","","","","","","","","","","","","","","","","","","","","","","","","","","","","","","","","","","","","","","","","","","","","","","","","",
"Macao SAR, China","MAC","CPIA social protection rating (1=low to 6=high)","IQ.CPA.PROT.XQ","","","","","","","","","","","","","","","","","","","","","","","","","","","","","","","","","","","","","","","","","","","","","","","","","","","","","","","","","","","","","","","","","","",
"St. Martin (French part)","MAF","CPIA social protection rating (1=low to 6=high)","IQ.CPA.PROT.XQ","","","","","","","","","","","","","","","","","","","","","","","","","","","","","","","","","","","","","","","","","","","","","","","","","","","","","","","","","","","","","","","","","","",
"Morocco","MAR","CPIA social protection rating (1=low to 6=high)","IQ.CPA.PROT.XQ","","","","","","","","","","","","","","","","","","","","","","","","","","","","","","","","","","","","","","","","","","","","","","","","","","","","","","","","","","","","","","","","","","",
"Monaco","MCO","CPIA social protection rating (1=low to 6=high)","IQ.CPA.PROT.XQ","","","","","","","","","","","","","","","","","","","","","","","","","","","","","","","","","","","","","","","","","","","","","","","","","","","","","","","","","","","","","","","","","","",
"Moldova","MDA","CPIA social protection rating (1=low to 6=high)","IQ.CPA.PROT.XQ","","","","","","","","","","","","","","","","","","","","","","","","","","","","","","","","","","","","","","","","","","","","","","3.5","3.5","3.5","3.5","3.5","3.5","3.5","3.5","3.5","3.5","3.5","3.5","3.5","3.5","3.5","","","","","","",
"Madagascar","MDG","CPIA social protection rating (1=low to 6=high)","IQ.CPA.PROT.XQ","","","","","","","","","","","","","","","","","","","","","","","","","","","","","","","","","","","","","","","","","","","","","","3.5","3.5","3.5","3.5","3.5","3.5","2.5","2","2","2.5","2.5","3","3","3","3","3","3","3","3","3","",
"Maldives","MDV","CPIA social protection rating (1=low to 6=high)","IQ.CPA.PROT.XQ","","","","","","","","","","","","","","","","","","","","","","","","","","","","","","","","","","","","","","","","","","","","","","3.5","3.5","3.5","3.5","3.5","3.5","4","4","4","3.5","3.5","3.5","3.5","3.5","3.5","3.5","4","4","4","4","",
"Middle East, North Africa, Afghanistan & Pakistan","MEA","CPIA social protection rating (1=low to 6=high)","IQ.CPA.PROT.XQ","","","","","","","","","","","","","","","","","","","","","","","","","","","","","","","","","","","","","","","","","","","","","","3.16666666666667","2.875","2.875","3","3","3.25","3.25","3.25","3.125","3.125","3","3","3","3","3","3.125","3.33333333333333","2.875","2.875","2.625","",
"Mexico","MEX","CPIA social protection rating (1=low to 6=high)","IQ.CPA.PROT.XQ","","","","","","","","","","","","","","","","","","","","","","","","","","","","","","","","","","","","","","","","","","","","","","","","","","","","","","","","","","","","","","","","","","",
"Marshall Islands","MHL","CPIA social protection rating (1=low to 6=high)","IQ.CPA.PROT.XQ","","","","","","","","","","","","","","","","","","","","","","","","","","","","","","","","","","","","","","","","","","","","","","","","","","","","2.5","2","2","2","2","2","2","2","2","2","2","2","2.5","2.5","",
"Middle income","MIC","CPIA social protection rating (1=low to 6=high)","IQ.CPA.PROT.XQ","","","","","","","","","","","","","","","","","","","","","","","","","","","","","","","","","","","","","","","","","","","","","","3.18269230769231","3.15384615384615","3.16346153846154","3.19811320754717","3.2037037037037","3.22222222222222","3.16363636363636","3.125","3.07894736842105","3.04807692307692","3.04807692307692","3.03061224489796","3.03061224489796","3.04081632653061","3.01","3.05208333333333","3.10416666666667","3.11224489795918","3.14285714285714","3.15384615384615","",
"North Macedonia","MKD","CPIA social protection rating (1=low to 6=high)","IQ.CPA.PROT.XQ","","","","","","","","","","","","","","","","","","","","","","","","","","","","","","","","","","","","","","","","","","","","","","","","","","","","","","","","","","","","","","","","","","",
"Mali","MLI","CPIA social protection rating (1=low to 6=high)","IQ.CPA.PROT.XQ","","","","","","","","","","","","","","","","","","","","","","","","","","","","","","","","","","","","","","","","","","","","","","3.5","3.5","3.5","3.5","3.5","3.5","3.5","3","3","3","3","3","3","3","3","3","3","3","3","3","",
"Malta","MLT","CPIA social protection rating (1=low to 6=high)","IQ.CPA.PROT.XQ","","","","","","","","","","","","","","","","","","","","","","","","","","","","","","","","","","","","","","","","","","","","","","","","","","","","","","","","","","","","","","","","","","",
"Myanmar","MMR","CPIA social protection rating (1=low to 6=high)","IQ.CPA.PROT.XQ","","","","","","","","","","","","","","","","","","","","","","","","","","","","","","","","","","","","","","","","","","","","","","","","","","","","","","2","2.5","2.5","2.5","2","2","2","2","2","2","2","2","",
"Middle East, North Africa, Afghanistan & Pakistan (excluding high income)","MNA","CPIA social protection rating (1=low to 6=high)","IQ.CPA.PROT.XQ","","","","","","","","","","","","","","","","","","","","","","","","","","","","","","","","","","","","","","","","","","","","","","3.16666666666667","2.875","2.875","3","3","3.25","3.25","3.25","3.125","3.125","3","3","3","3","3","3.125","3.33333333333333","2.875","2.875","2.625","",
"Montenegro","MNE","CPIA social protection rating (1=low to 6=high)","IQ.CPA.PROT.XQ","","","","","","","","","","","","","","","","","","","","","","","","","","","","","","","","","","","","","","","","","","","","","","","","","","","","","","","","","","","","","","","","","","",
"Mongolia","MNG","CPIA social protection rating (1=low to 6=high)","IQ.CPA.PROT.XQ","","","","","","","","","","","","","","","","","","","","","","","","","","","","","","","","","","","","","","","","","","","","","","3.5","3.5","3.5","3.5","3.5","3.5","3.5","3.5","3.5","3.5","3.5","3.5","3.5","3.5","3.5","","","","","","",
"Northern Mariana Islands","MNP","CPIA social protection rating (1=low to 6=high)","IQ.CPA.PROT.XQ","","","","","","","","","","","","","","","","","","","","","","","","","","","","","","","","","","","","","","","","","","","","","","","","","","","","","","","","","","","","","","","","","","",
"Mozambique","MOZ","CPIA social protection rating (1=low to 6=high)","IQ.CPA.PROT.XQ","","","","","","","","","","","","","","","","","","","","","","","","","","","","","","","","","","","","","","","","","","","","","","3","3","3","3","3","3","3","3.5","3.5","3","3","3","3","3","3","3","3","3","3","3","",
"Mauritania","MRT","CPIA social protection rating (1=low to 6=high)","IQ.CPA.PROT.XQ","","","","","","","","","","","","","","","","","","","","","","","","","","","","","","","","","","","","","","","","","","","","","","3.5","3","3","3","3","2.5","2.5","2.5","2.5","3","3","3","3","3","3","3","3","3","3.5","3.5","",
"Mauritius","MUS","CPIA social protection rating (1=low to 6=high)","IQ.CPA.PROT.XQ","","","","","","","","","","","","","","","","","","","","","","","","","","","","","","","","","","","","","","","","","","","","","","","","","","","","","","","","","","","","","","","","","","",
"Malawi","MWI","CPIA social protection rating (1=low to 6=high)","IQ.CPA.PROT.XQ","","","","","","","","","","","","","","","","","","","","","","","","","","","","","","","","","","","","","","","","","","","","","","3.5","3.5","3.5","3.5","3.5","3.5","3.5","3.5","3.5","3.5","3.5","3.5","3.5","3.5","3.5","3.5","3.5","3.5","3.5","3.5","",
"Malaysia","MYS","CPIA social protection rating (1=low to 6=high)","IQ.CPA.PROT.XQ","","","","","","","","","","","","","","","","","","","","","","","","","","","","","","","","","","","","","","","","","","","","","","","","","","","","","","","","","","","","","","","","","","",
"North America","NAC","CPIA social protection rating (1=low to 6=high)","IQ.CPA.PROT.XQ","","","","","","","","","","","","","","","","","","","","","","","","","","","","","","","","","","","","","","","","","","","","","","","","","","","","","","","","","","","","","","","","","","",
"Namibia","NAM","CPIA social protection rating (1=low to 6=high)","IQ.CPA.PROT.XQ","","","","","","","","","","","","","","","","","","","","","","","","","","","","","","","","","","","","","","","","","","","","","","","","","","","","","","","","","","","","","","","","","","",
"New Caledonia","NCL","CPIA social protection rating (1=low to 6=high)","IQ.CPA.PROT.XQ","","","","","","","","","","","","","","","","","","","","","","","","","","","","","","","","","","","","","","","","","","","","","","","","","","","","","","","","","","","","","","","","","","",
"Niger","NER","CPIA social protection rating (1=low to 6=high)","IQ.CPA.PROT.XQ","","","","","","","","","","","","","","","","","","","","","","","","","","","","","","","","","","","","","","","","","","","","","","3","3","3","3","3","3","3","3","3","3","3","3","3","3","3","3","3","3","3","3","",
"Nigeria","NGA","CPIA social protection rating (1=low to 6=high)","IQ.CPA.PROT.XQ","","","","","","","","","","","","","","","","","","","","","","","","","","","","","","","","","","","","","","","","","","","","","","3","3","3.5","3.5","3.5","3.5","3.5","3.5","4","4","4","4","4","4","4","4","4","4","4","4","",
"Nicaragua","NIC","CPIA social protection rating (1=low to 6=high)","IQ.CPA.PROT.XQ","","","","","","","","","","","","","","","","","","","","","","","","","","","","","","","","","","","","","","","","","","","","","","3.5","3.5","3.5","3.5","3.5","3.5","3.5","3.5","4","3.5","3.5","3.5","3.5","3.5","3.5","3.5","3.5","3.5","3.5","3.5","",
"Netherlands","NLD","CPIA social protection rating (1=low to 6=high)","IQ.CPA.PROT.XQ","","","","","","","","","","","","","","","","","","","","","","","","","","","","","","","","","","","","","","","","","","","","","","","","","","","","","","","","","","","","","","","","","","",
"Norway","NOR","CPIA social protection rating (1=low to 6=high)","IQ.CPA.PROT.XQ","","","","","","","","","","","","","","","","","","","","","","","","","","","","","","","","","","","","","","","","","","","","","","","","","","","","","","","","","","","","","","","","","","",
"Nepal","NPL","CPIA social protection rating (1=low to 6=high)","IQ.CPA.PROT.XQ","","","","","","","","","","","","","","","","","","","","","","","","","","","","","","","","","","","","","","","","","","","","","","3","3","3","3","3","3","3.5","3.5","3.5","3","3","3","3","3","3","3","3","3","3","3","",
"Nauru","NRU","CPIA social protection rating (1=low to 6=high)","IQ.CPA.PROT.XQ","","","","","","","","","","","","","","","","","","","","","","","","","","","","","","","","","","","","","","","","","","","","","","","","","","","","","","","","","","","","","","","","","","",
"New Zealand","NZL","CPIA social protection rating (1=low to 6=high)","IQ.CPA.PROT.XQ","","","","","","","","","","","","","","","","","","","","","","","","","","","","","","","","","","","","","","","","","","","","","","","","","","","","","","","","","","","","","","","","","","",
"OECD members","OED","CPIA social protection rating (1=low to 6=high)","IQ.CPA.PROT.XQ","","","","","","","","","","","","","","","","","","","","","","","","","","","","","","","","","","","","","","","","","","","","","","","","","","","","","","","","","","","","","","","","","","",
"Oman","OMN","CPIA social protection rating (1=low to 6=high)","IQ.CPA.PROT.XQ","","","","","","","","","","","","","","","","","","","","","","","","","","","","","","","","","","","","","","","","","","","","","","","","","","","","","","","","","","","","","","","","","","",
"Other small states","OSS","CPIA social protection rating (1=low to 6=high)","IQ.CPA.PROT.XQ","","","","","","","","","","","","","","","","","","","","","","","","","","","","","","","","","","","","","","","","","","","","","","3.25","3.14285714285714","3.07142857142857","3.07142857142857","3.14285714285714","3.21428571428571","3.28571428571429","3.14285714285714","3.07142857142857","3","3","3","2.92857142857143","2.92857142857143","2.92857142857143","3","3.14285714285714","3.14285714285714","3.14285714285714","3.125","",
"Pakistan","PAK","CPIA social protection rating (1=low to 6=high)","IQ.CPA.PROT.XQ","","","","","","","","","","","","","","","","","","","","","","","","","","","","","","","","","","","","","","","","","","","","","","3","3","3","3","3","3.5","3.5","3.5","3.5","3.5","3.5","3.5","3.5","3.5","3.5","3.5","3.5","3.5","3.5","3.5","",
"Panama","PAN","CPIA social protection rating (1=low to 6=high)","IQ.CPA.PROT.XQ","","","","","","","","","","","","","","","","","","","","","","","","","","","","","","","","","","","","","","","","","","","","","","","","","","","","","","","","","","","","","","","","","","",
"Peru","PER","CPIA social protection rating (1=low to 6=high)","IQ.CPA.PROT.XQ","","","","","","","","","","","","","","","","","","","","","","","","","","","","","","","","","","","","","","","","","","","","","","","","","","","","","","","","","","","","","","","","","","",
"Philippines","PHL","CPIA social protection rating (1=low to 6=high)","IQ.CPA.PROT.XQ","","","","","","","","","","","","","","","","","","","","","","","","","","","","","","","","","","","","","","","","","","","","","","","","","","","","","","","","","","","","","","","","","","",
"Palau","PLW","CPIA social protection rating (1=low to 6=high)","IQ.CPA.PROT.XQ","","","","","","","","","","","","","","","","","","","","","","","","","","","","","","","","","","","","","","","","","","","","","","","","","","","","","","","","","","","","","","","","","","",
"Papua New Guinea","PNG","CPIA social protection rating (1=low to 6=high)","IQ.CPA.PROT.XQ","","","","","","","","","","","","","","","","","","","","","","","","","","","","","","","","","","","","","","","","","","","","","","3","3","3","3","3","3","2.5","2.5","2.5","2.5","2.5","2.5","2.5","2.5","2.5","2.5","2.5","2.5","2.5","2.5","",
"Poland","POL","CPIA social protection rating (1=low to 6=high)","IQ.CPA.PROT.XQ","","","","","","","","","","","","","","","","","","","","","","","","","","","","","","","","","","","","","","","","","","","","","","","","","","","","","","","","","","","","","","","","","","",
"Pre-demographic dividend","PRE","CPIA social protection rating (1=low to 6=high)","IQ.CPA.PROT.XQ","","","","","","","","","","","","","","","","","","","","","","","","","","","","","","","","","","","","","","","","","","","","","","2.95","2.859375","2.875","2.90625","2.93939393939394","2.90909090909091","2.86363636363636","2.79411764705882","2.77941176470588","2.78787878787879","2.81818181818182","2.86363636363636","2.82352941176471","2.83333333333333","2.80882352941176","2.83823529411765","2.89393939393939","2.88235294117647","2.92647058823529","2.92647058823529","",
"Puerto Rico (US)","PRI","CPIA social protection rating (1=low to 6=high)","IQ.CPA.PROT.XQ","","","","","","","","","","","","","","","","","","","","","","","","","","","","","","","","","","","","","","","","","","","","","","","","","","","","","","","","","","","","","","","","","","",
"Korea, Dem. People's Rep.","PRK","CPIA social protection rating (1=low to 6=high)","IQ.CPA.PROT.XQ","","","","","","","","","","","","","","","","","","","","","","","","","","","","","","","","","","","","","","","","","","","","","","","","","","","","","","","","","","","","","","","","","","",
"Portugal","PRT","CPIA social protection rating (1=low to 6=high)","IQ.CPA.PROT.XQ","","","","","","","","","","","","","","","","","","","","","","","","","","","","","","","","","","","","","","","","","","","","","","","","","","","","","","","","","","","","","","","","","","",
"Paraguay","PRY","CPIA social protection rating (1=low to 6=high)","IQ.CPA.PROT.XQ","","","","","","","","","","","","","","","","","","","","","","","","","","","","","","","","","","","","","","","","","","","","","","","","","","","","","","","","","","","","","","","","","","",
"West Bank and Gaza","PSE","CPIA social protection rating (1=low to 6=high)","IQ.CPA.PROT.XQ","","","","","","","","","","","","","","","","","","","","","","","","","","","","","","","","","","","","","","","","","","","","","","","","","","","","","","","","","","","","","","","","","","",
"Pacific island small states","PSS","CPIA social protection rating (1=low to 6=high)","IQ.CPA.PROT.XQ","","","","","","","","","","","","","","","","","","","","","","","","","","","","","","","","","","","","","","","","","","","","","","2.8","3","2.8","2.9","2.8","2.9","2.64285714285714","2.625","2.625","2.625","2.625","2.625","2.625","2.625","2.625","2.77777777777778","2.77777777777778","2.77777777777778","2.83333333333333","2.83333333333333","",
"Post-demographic dividend","PST","CPIA social protection rating (1=low to 6=high)","IQ.CPA.PROT.XQ","","","","","","","","","","","","","","","","","","","","","","","","","","","","","","","","","","","","","","","","","","","","","","3.5","3.5","3.5","3.5","3.5","3.5","3.5","3.5","3.5","","","","","","","","","","","","",
"French Polynesia","PYF","CPIA social protection rating (1=low to 6=high)","IQ.CPA.PROT.XQ","","","","","","","","","","","","","","","","","","","","","","","","","","","","","","","","","","","","","","","","","","","","","","","","","","","","","","","","","","","","","","","","","","",
"Qatar","QAT","CPIA social protection rating (1=low to 6=high)","IQ.CPA.PROT.XQ","","","","","","","","","","","","","","","","","","","","","","","","","","","","","","","","","","","","","","","","","","","","","","","","","","","","","","","","","","","","","","","","","","",
"Romania","ROU","CPIA social protection rating (1=low to 6=high)","IQ.CPA.PROT.XQ","","","","","","","","","","","","","","","","","","","","","","","","","","","","","","","","","","","","","","","","","","","","","","","","","","","","","","","","","","","","","","","","","","",
"Russian Federation","RUS","CPIA social protection rating (1=low to 6=high)","IQ.CPA.PROT.XQ","","","","","","","","","","","","","","","","","","","","","","","","","","","","","","","","","","","","","","","","","","","","","","","","","","","","","","","","","","","","","","","","","","",
"Rwanda","RWA","CPIA social protection rating (1=low to 6=high)","IQ.CPA.PROT.XQ","","","","","","","","","","","","","","","","","","","","","","","","","","","","","","","","","","","","","","","","","","","","","","3.5","3.5","3.5","3.5","3.5","3.5","3.5","4","4","4","4","4","4","4","4","4","4","4","4","4","",
"South Asia","SAS","CPIA social protection rating (1=low to 6=high)","IQ.CPA.PROT.XQ","","","","","","","","","","","","","","","","","","","","","","","","","","","","","","","","","","","","","","","","","","","","","","3.41666666666667","3.5","3.41666666666667","3.41666666666667","3.41666666666667","3.41666666666667","3.5","3.5","3.5","3.3","3.3","3.25","3.25","3.25","3.1","3.125","3.375","3.3","3.3","3.3","",
"Saudi Arabia","SAU","CPIA social protection rating (1=low to 6=high)","IQ.CPA.PROT.XQ","","","","","","","","","","","","","","","","","","","","","","","","","","","","","","","","","","","","","","","","","","","","","","","","","","","","","","","","","","","","","","","","","","",
"Sudan","SDN","CPIA social protection rating (1=low to 6=high)","IQ.CPA.PROT.XQ","","","","","","","","","","","","","","","","","","","","","","","","","","","","","","","","","","","","","","","","","","","","","","2","3.5","2.5","2.5","2.5","2.5","2.5","2.5","2.5","2.5","2.5","2.5","2.5","2.5","2.5","2.5","2.5","2.5","2.5","2.5","",
"Senegal","SEN","CPIA social protection rating (1=low to 6=high)","IQ.CPA.PROT.XQ","","","","","","","","","","","","","","","","","","","","","","","","","","","","","","","","","","","","","","","","","","","","","","3","3","3","3","3","3","3","3","3","3","3","3","3","3","3","3","3.5","3.5","3.5","3.5","",
"Singapore","SGP","CPIA social protection rating (1=low to 6=high)","IQ.CPA.PROT.XQ","","","","","","","","","","","","","","","","","","","","","","","","","","","","","","","","","","","","","","","","","","","","","","","","","","","","","","","","","","","","","","","","","","",
"Solomon Islands","SLB","CPIA social protection rating (1=low to 6=high)","IQ.CPA.PROT.XQ","","","","","","","","","","","","","","","","","","","","","","","","","","","","","","","","","","","","","","","","","","","","","","2.5","3.5","2.5","2.5","2.5","2.5","2.5","2.5","2.5","2.5","2.5","2.5","2.5","2.5","2.5","2.5","2.5","2.5","2.5","2.5","",
"Sierra Leone","SLE","CPIA social protection rating (1=low to 6=high)","IQ.CPA.PROT.XQ","","","","","","","","","","","","","","","","","","","","","","","","","","","","","","","","","","","","","","","","","","","","","","3","2.5","3","3","3.5","3.5","3.5","3.5","3.5","3.5","3.5","3.5","3.5","3","3","3","3","3.5","3.5","3.5","",
"El Salvador","SLV","CPIA social protection rating (1=low to 6=high)","IQ.CPA.PROT.XQ","","","","","","","","","","","","","","","","","","","","","","","","","","","","","","","","","","","","","","","","","","","","","","","","","","","","","","","","","","","","","","","","","","",
"San Marino","SMR","CPIA social protection rating (1=low to 6=high)","IQ.CPA.PROT.XQ","","","","","","","","","","","","","","","","","","","","","","","","","","","","","","","","","","","","","","","","","","","","","","","","","","","","","","","","","","","","","","","","","","",
"Somalia, Fed. Rep.","SOM","CPIA social protection rating (1=low to 6=high)","IQ.CPA.PROT.XQ","","","","","","","","","","","","","","","","","","","","","","","","","","","","","","","","","","","","","","","","","","","","","","","","","","","","","","","","","","2","","2.5","2.5","2.5","2.5","2.5","2.5","",
"Serbia","SRB","CPIA social protection rating (1=low to 6=high)","IQ.CPA.PROT.XQ","","","","","","","","","","","","","","","","","","","","","","","","","","","","","","","","","","","","","","","","","","","","","","4","3","","","","","","","","","","","","","","","","","","","",
"Sub-Saharan Africa (excluding high income)","SSA","CPIA social protection rating (1=low to 6=high)","IQ.CPA.PROT.XQ","","","","","","","","","","","","","","","","","","","","","","","","","","","","","","","","","","","","","","","","","","","","","","2.97222222222222","2.97142857142857","2.94444444444444","2.97222222222222","2.97297297297297","2.95945945945946","2.94594594594595","2.88157894736842","2.86842105263158","2.89189189189189","2.91891891891892","2.95945945945946","2.92105263157895","2.93243243243243","2.90789473684211","2.94736842105263","2.98684210526316","3.01315789473684","3.05263157894737","3.06410256410256","",
"South Sudan","SSD","CPIA social protection rating (1=low to 6=high)","IQ.CPA.PROT.XQ","","","","","","","","","","","","","","","","","","","","","","","","","","","","","","","","","","","","","","","","","","","","","","","","","","","","","1.5","1.5","1.5","1.5","1.5","1","1","1","1","1","1","1.5","1.5","",
"Sub-Saharan Africa","SSF","CPIA social protection rating (1=low to 6=high)","IQ.CPA.PROT.XQ","","","","","","","","","","","","","","","","","","","","","","","","","","","","","","","","","","","","","","","","","","","","","","2.98648648648649","2.98611111111111","2.95945945945946","2.98648648648649","2.98684210526316","2.97368421052632","2.96052631578947","2.8974358974359","2.88461538461538","2.90789473684211","2.93421052631579","2.97368421052632","2.93589743589744","2.94736842105263","2.92307692307692","2.96153846153846","3","3.02564102564103","3.06410256410256","3.075","",
"Small states","SST","CPIA social protection rating (1=low to 6=high)","IQ.CPA.PROT.XQ","","","","","","","","","","","","","","","","","","","","","","","","","","","","","","","","","","","","","","","","","","","","","","3.15625","3.08823529411765","3.11764705882353","3.14705882352941","3.11764705882353","3.17647058823529","3.07894736842105","3","2.95","2.925","2.925","2.925","2.9","2.925","2.925","3","3.04761904761905","3.04761904761905","3.07142857142857","3.08333333333333","",
"Sao Tome and Principe","STP","CPIA social protection rating (1=low to 6=high)","IQ.CPA.PROT.XQ","","","","","","","","","","","","","","","","","","","","","","","","","","","","","","","","","","","","","","","","","","","","","","2.5","2.5","2.5","2.5","2.5","2.5","2.5","2.5","2.5","2.5","2.5","2.5","2.5","2.5","2.5","2.5","2.5","2.5","2.5","3","",
"Suriname","SUR","CPIA social protection rating (1=low to 6=high)","IQ.CPA.PROT.XQ","","","","","","","","","","","","","","","","","","","","","","","","","","","","","","","","","","","","","","","","","","","","","","","","","","","","","","","","","","","","","","","","","3","",
"Slovak Republic","SVK","CPIA social protection rating (1=low to 6=high)","IQ.CPA.PROT.XQ","","","","","","","","","","","","","","","","","","","","","","","","","","","","","","","","","","","","","","","","","","","","","","","","","","","","","","","","","","","","","","","","","","",
"Slovenia","SVN","CPIA social protection rating (1=low to 6=high)","IQ.CPA.PROT.XQ","","","","","","","","","","","","","","","","","","","","","","","","","","","","","","","","","","","","","","","","","","","","","","","","","","","","","","","","","","","","","","","","","","",
"Sweden","SWE","CPIA social protection rating (1=low to 6=high)","IQ.CPA.PROT.XQ","","","","","","","","","","","","","","","","","","","","","","","","","","","","","","","","","","","","","","","","","","","","","","","","","","","","","","","","","","","","","","","","","","",
"Eswatini","SWZ","CPIA social protection rating (1=low to 6=high)","IQ.CPA.PROT.XQ","","","","","","","","","","","","","","","","","","","","","","","","","","","","","","","","","","","","","","","","","","","","","","","","","","","","","","","","","","","","","","","","","2.5","",
"Sint Maarten (Dutch part)","SXM","CPIA social protection rating (1=low to 6=high)","IQ.CPA.PROT.XQ","","","","","","","","","","","","","","","","","","","","","","","","","","","","","","","","","","","","","","","","","","","","","","","","","","","","","","","","","","","","","","","","","","",
"Seychelles","SYC","CPIA social protection rating (1=low to 6=high)","IQ.CPA.PROT.XQ","","","","","","","","","","","","","","","","","","","","","","","","","","","","","","","","","","","","","","","","","","","","","","","","","","","","","","","","","","","","","","","","","","",
"Syrian Arab Republic","SYR","CPIA social protection rating (1=low to 6=high)","IQ.CPA.PROT.XQ","","","","","","","","","","","","","","","","","","","","","","","","","","","","","","","","","","","","","","","","","","","","","","","","","","","","","","","","","","","","","","","","","","",
"Turks and Caicos Islands","TCA","CPIA social protection rating (1=low to 6=high)","IQ.CPA.PROT.XQ","","","","","","","","","","","","","","","","","","","","","","","","","","","","","","","","","","","","","","","","","","","","","","","","","","","","","","","","","","","","","","","","","","",
"Chad","TCD","CPIA social protection rating (1=low to 6=high)","IQ.CPA.PROT.XQ","","","","","","","","","","","","","","","","","","","","","","","","","","","","","","","","","","","","","","","","","","","","","","3","2.5","2.5","2.5","2.5","2.5","2.5","2.5","2.5","2.5","3","3","3","3","3","3","3","3","3","3","",
"East Asia & Pacific (IDA & IBRD countries)","TEA","CPIA social protection rating (1=low to 6=high)","IQ.CPA.PROT.XQ","","","","","","","","","","","","","","","","","","","","","","","","","","","","","","","","","","","","","","","","","","","","","","2.85","2.90909090909091","2.86363636363636","2.90909090909091","2.90909090909091","2.95454545454545","2.76923076923077","2.75","2.66666666666667","2.7","2.7","2.64285714285714","2.60714285714286","2.60714285714286","2.60714285714286","2.64285714285714","2.64285714285714","2.67857142857143","2.71428571428571","2.71428571428571","",
"Europe & Central Asia (IDA & IBRD countries)","TEC","CPIA social protection rating (1=low to 6=high)","IQ.CPA.PROT.XQ","","","","","","","","","","","","","","","","","","","","","","","","","","","","","","","","","","","","","","","","","","","","","","3.66666666666667","3.66666666666667","3.75","3.8125","3.77777777777778","3.77777777777778","3.6875","3.5625","3.5625","3.4","3.4","3.4","3.4","3.4","3.4","3.375","3.375","3.375","3.375","3.375","",
"Togo","TGO","CPIA social protection rating (1=low to 6=high)","IQ.CPA.PROT.XQ","","","","","","","","","","","","","","","","","","","","","","","","","","","","","","","","","","","","","","","","","","","","","","2.5","2.5","2.5","3","3","3","3","3","3","3","3","3","3","3","3","3","3","3","3.5","3.5","",
"Thailand","THA","CPIA social protection rating (1=low to 6=high)","IQ.CPA.PROT.XQ","","","","","","","","","","","","","","","","","","","","","","","","","","","","","","","","","","","","","","","","","","","","","","","","","","","","","","","","","","","","","","","","","","",
"Tajikistan","TJK","CPIA social protection rating (1=low to 6=high)","IQ.CPA.PROT.XQ","","","","","","","","","","","","","","","","","","","","","","","","","","","","","","","","","","","","","","","","","","","","","","3.5","3.5","3.5","3.5","3.5","3.5","3","3","3","3","3","3","3","3","3","3","3","3","3","3","",
"Turkmenistan","TKM","CPIA social protection rating (1=low to 6=high)","IQ.CPA.PROT.XQ","","","","","","","","","","","","","","","","","","","","","","","","","","","","","","","","","","","","","","","","","","","","","","","","","","","","","","","","","","","","","","","","","","",
"Latin America & the Caribbean (IDA & IBRD countries)","TLA","CPIA social protection rating (1=low to 6=high)","IQ.CPA.PROT.XQ","","","","","","","","","","","","","","","","","","","","","","","","","","","","","","","","","","","","","","","","","","","","","","3.375","3.125","3.375","3.38888888888889","3.33333333333333","3.27777777777778","3.22222222222222","3.27777777777778","3.22222222222222","3.22222222222222","3.16666666666667","3.125","3.1875","3.25","3.25","3.25","3.25","3.25","3.25","3.25","",
"Timor-Leste","TLS","CPIA social protection rating (1=low to 6=high)","IQ.CPA.PROT.XQ","","","","","","","","","","","","","","","","","","","","","","","","","","","","","","","","","","","","","","","","","","","","","","","2.5","2","2","2.5","2.5","2.5","2.5","2.5","2.5","2.5","2.5","2.5","2.5","2.5","2.5","2.5","2.5","2.5","2.5","",
"Middle East, North Africa, Afghanistan & Pakistan (IDA & IBRD)","TMN","CPIA social protection rating (1=low to 6=high)","IQ.CPA.PROT.XQ","","","","","","","","","","","","","","","","","","","","","","","","","","","","","","","","","","","","","","","","","","","","","","3.16666666666667","2.875","2.875","3","3","3.25","3.25","3.25","3.125","3.125","3","3","3","3","3","3.125","3.33333333333333","2.875","2.875","2.625","",
"Tonga","TON","CPIA social protection rating (1=low to 6=high)","IQ.CPA.PROT.XQ","","","","","","","","","","","","","","","","","","","","","","","","","","","","","","","","","","","","","","","","","","","","","","3","3","3","3","3","3","2","2.5","2.5","2.5","2.5","2.5","2.5","3","3","3","3","3","3","3","",
"South Asia (IDA & IBRD)","TSA","CPIA social protection rating (1=low to 6=high)","IQ.CPA.PROT.XQ","","","","","","","","","","","","","","","","","","","","","","","","","","","","","","","","","","","","","","","","","","","","","","3.41666666666667","3.5","3.41666666666667","3.41666666666667","3.41666666666667","3.41666666666667","3.5","3.5","3.5","3.3","3.3","3.25","3.25","3.25","3.1","3.125","3.375","3.3","3.3","3.3","",
"Sub-Saharan Africa (IDA & IBRD countries)","TSS","CPIA social protection rating (1=low to 6=high)","IQ.CPA.PROT.XQ","","","","","","","","","","","","","","","","","","","","","","","","","","","","","","","","","","","","","","","","","","","","","","2.98648648648649","2.98611111111111","2.95945945945946","2.98648648648649","2.98684210526316","2.97368421052632","2.96052631578947","2.8974358974359","2.88461538461538","2.90789473684211","2.93421052631579","2.97368421052632","2.93589743589744","2.94736842105263","2.92307692307692","2.96153846153846","3","3.02564102564103","3.06410256410256","3.075","",
"Trinidad and Tobago","TTO","CPIA social protection rating (1=low to 6=high)","IQ.CPA.PROT.XQ","","","","","","","","","","","","","","","","","","","","","","","","","","","","","","","","","","","","","","","","","","","","","","","","","","","","","","","","","","","","","","","","","","",
"Tunisia","TUN","CPIA social protection rating (1=low to 6=high)","IQ.CPA.PROT.XQ","","","","","","","","","","","","","","","","","","","","","","","","","","","","","","","","","","","","","","","","","","","","","","","","","","","","","","","","","","","","","","","","","","",
"Turkiye","TUR","CPIA social protection rating (1=low to 6=high)","IQ.CPA.PROT.XQ","","","","","","","","","","","","","","","","","","","","","","","","","","","","","","","","","","","","","","","","","","","","","","","","","","","","","","","","","","","","","","","","","","",
"Tuvalu","TUV","CPIA social protection rating (1=low to 6=high)","IQ.CPA.PROT.XQ","","","","","","","","","","","","","","","","","","","","","","","","","","","","","","","","","","","","","","","","","","","","","","","","","","","","","2.5","2.5","2.5","2.5","2.5","2.5","2.5","2.5","2.5","2.5","2.5","2.5","2.5","",
"Tanzania","TZA","CPIA social protection rating (1=low to 6=high)","IQ.CPA.PROT.XQ","","","","","","","","","","","","","","","","","","","","","","","","","","","","","","","","","","","","","","","","","","","","","","3.5","2.5","3.5","3.5","3.5","4","3.5","4","4","4","4","4","4","4","4","4","4","4","4","4","",
"Uganda","UGA","CPIA social protection rating (1=low to 6=high)","IQ.CPA.PROT.XQ","","","","","","","","","","","","","","","","","","","","","","","","","","","","","","","","","","","","","","","","","","","","","","3.5","3.5","3.5","3.5","3.5","3.5","3.5","3.5","3.5","3.5","3.5","3.5","3.5","3.5","3.5","3.5","3.5","3.5","3","3","",
"Ukraine","UKR","CPIA social protection rating (1=low to 6=high)","IQ.CPA.PROT.XQ","","","","","","","","","","","","","","","","","","","","","","","","","","","","","","","","","","","","","","","","","","","","","","","","","","","","","","","","","","","","","","","","","","",
"Upper middle income","UMC","CPIA social protection rating (1=low to 6=high)","IQ.CPA.PROT.XQ","","","","","","","","","","","","","","","","","","","","","","","","","","","","","","","","","","","","","","","","","","","","","","3.63333333333333","3.53333333333333","3.71428571428571","3.78571428571429","3.7","3.7","3.56666666666667","3.40625","3.375","3.23076923076923","3.23076923076923","3.23076923076923","3.23076923076923","3.30769230769231","3.30769230769231","3.29166666666667","3.33333333333333","3.33333333333333","3.375","3.35714285714286","",
"Uruguay","URY","CPIA social protection rating (1=low to 6=high)","IQ.CPA.PROT.XQ","","","","","","","","","","","","","","","","","","","","","","","","","","","","","","","","","","","","","","","","","","","","","","","","","","","","","","","","","","","","","","","","","","",
"United States","USA","CPIA social protection rating (1=low to 6=high)","IQ.CPA.PROT.XQ","","","","","","","","","","","","","","","","","","","","","","","","","","","","","","","","","","","","","","","","","","","","","","","","","","","","","","","","","","","","","","","","","","",
"Uzbekistan","UZB","CPIA social protection rating (1=low to 6=high)","IQ.CPA.PROT.XQ","","","","","","","","","","","","","","","","","","","","","","","","","","","","","","","","","","","","","","","","","","","","","","3.5","3.5","3.5","3.5","3.5","3.5","3.5","3.5","3.5","3.5","3.5","3.5","3.5","3.5","3.5","3.5","3.5","3.5","3.5","3.5","",
"St. Vincent and the Grenadines","VCT","CPIA social protection rating (1=low to 6=high)","IQ.CPA.PROT.XQ","","","","","","","","","","","","","","","","","","","","","","","","","","","","","","","","","","","","","","","","","","","","","","3.5","2","3.5","3.5","3.5","3.5","3.5","3.5","3","3","3.5","3.5","3.5","3.5","3.5","3.5","3.5","3.5","3.5","3.5","",
"Venezuela, RB","VEN","CPIA social protection rating (1=low to 6=high)","IQ.CPA.PROT.XQ","","","","","","","","","","","","","","","","","","","","","","","","","","","","","","","","","","","","","","","","","","","","","","","","","","","","","","","","","","","","","","","","","","",
"British Virgin Islands","VGB","CPIA social protection rating (1=low to 6=high)","IQ.CPA.PROT.XQ","","","","","","","","","","","","","","","","","","","","","","","","","","","","","","","","","","","","","","","","","","","","","","","","","","","","","","","","","","","","","","","","","","",
"Virgin Islands (U.S.)","VIR","CPIA social protection rating (1=low to 6=high)","IQ.CPA.PROT.XQ","","","","","","","","","","","","","","","","","","","","","","","","","","","","","","","","","","","","","","","","","","","","","","","","","","","","","","","","","","","","","","","","","","",
"Viet Nam","VNM","CPIA social protection rating (1=low to 6=high)","IQ.CPA.PROT.XQ","","","","","","","","","","","","","","","","","","","","","","","","","","","","","","","","","","","","","","","","","","","","","","3","3","3.5","3.5","3.5","3.5","3.5","3.5","3.5","3.5","3.5","","","","","","","","","","",
"Vanuatu","VUT","CPIA social protection rating (1=low to 6=high)","IQ.CPA.PROT.XQ","","","","","","","","","","","","","","","","","","","","","","","","","","","","","","","","","","","","","","","","","","","","","","2","2","2","2","2","2.5","2.5","2.5","2.5","2.5","2.5","2.5","2.5","2.5","2.5","2.5","2.5","2.5","2.5","2.5","",
"World","WLD","CPIA social protection rating (1=low to 6=high)","IQ.CPA.PROT.XQ","","","","","","","","","","","","","","","","","","","","","","","","","","","","","","","","","","","","","","","","","","","","","","3.13698630136986","3.10810810810811","3.10810810810811","3.14666666666667","3.14285714285714","3.14935064935065","3.08974358974359","3.04375","3.00617283950617","2.97368421052632","2.97368421052632","2.97260273972603","2.9527027027027","2.96575342465753","2.94666666666667","2.97260273972603","3.01388888888889","3.01351351351351","3.04054054054054","3.03896103896104","",
"Samoa","WSM","CPIA social protection rating (1=low to 6=high)","IQ.CPA.PROT.XQ","","","","","","","","","","","","","","","","","","","","","","","","","","","","","","","","","","","","","","","","","","","","","","3.5","3.5","3.5","4","3.5","3.5","3.5","3.5","3.5","3.5","3.5","3.5","3.5","3.5","3.5","3.5","3.5","3.5","3.5","3.5","",
"Kosovo","XKX","CPIA social protection rating (1=low to 6=high)","IQ.CPA.PROT.XQ","","","","","","","","","","","","","","","","","","","","","","","","","","","","","","","","","","","","","","","","","","","","","","","","","","3.5","3.5","3.5","3.5","3.5","3.5","3.5","3.5","3.5","3.5","3.5","3.5","3.5","3.5","3.5","3.5","",
"Yemen, Rep.","YEM","CPIA social protection rating (1=low to 6=high)","IQ.CPA.PROT.XQ","","","","","","","","","","","","","","","","","","","","","","","","","","","","","","","","","","","","","","","","","","","","","","3.5","3.5","3.5","3.5","3.5","3.5","3.5","3.5","3.5","3.5","3","3","3","3","3","3","3","3","3","2.5","",
"South Africa","ZAF","CPIA social protection rating (1=low to 6=high)","IQ.CPA.PROT.XQ","","","","","","","","","","","","","","","","","","","","","","","","","","","","","","","","","","","","","","","","","","","","","","","","","","","","","","","","","","","","","","","","","","",
"Zambia","ZMB","CPIA social protection rating (1=low to 6=high)","IQ.CPA.PROT.XQ","","","","","","","","","","","","","","","","","","","","","","","","","","","","","","","","","","","","","","","","","","","","","","3","3","3","3","3","3","3","2.5","2.5","2.5","2.5","2.5","3","3","2.5","2.5","3","3","3","3","",
"Zimbabwe","ZWE","CPIA social protection rating (1=low to 6=high)","IQ.CPA.PROT.XQ","","","","","","","","","","","","","","","","","","","","","","","","","","","","","","","","","","","","","","","","","","","","","","1.5","","1","1","1","1","2","2","2","2.5","2.5","2.5","2.5","3","3","3","3","3","3","3","",
